Function,Mean_Healthy,Mean_Degraded,Log2FC_Degraded_vs_Healthy,Log2FC_CI_low,Log2FC_CI_high,Cohens_d_Degraded_vs_Healthy,MWU_p,TotalMean,FDR
aerobic,0.058721995522674875,0.10412355437133969,0.8263235543832592,0.19024641758301175,1.302886316451922,1.4925652279493455,0.11428571428571428,0.16284554989401456,0.6777777777777778
aerobic_acetogenesis,0.004670952069605165,0.0036051615629987387,-0.37365263550243905,-1.5897523888971405,0.5565977021569389,-0.4965290299645054,0.6857142857142857,0.008276113632603905,0.9093167701863355
aerobic_anoxygenic_phototrophy,0.007378247445224614,0.010934995188214374,0.5676024431452611,0.05165380125270609,1.1894906183324387,1.3192130643069255,0.34285714285714286,0.01831324263343899,0.6971428571428572
aerobic_chemoheterotrophy,0.15212403183370987,0.17677387809697692,0.216657020696971,0.006291962729401167,0.42877933246650407,1.1381091433855217,0.2,0.3288979099306868,0.6777777777777778
aerobic_nitrite_oxidation,0.008186321939582424,0.008520719988936765,0.05775993032412546,-0.5354747639508121,0.8261701702379026,0.11066977575553792,1.0,0.01670704192851919,1.0
aliphatic_non_methane_hydrocarbon_degradation,0.05160570647780084,0.08524903738776904,0.7241529272038237,0.06255307023651464,1.262570638805882,1.2088570236880334,0.34285714285714286,0.1368547438655699,0.6971428571428572
aromatic_compound_degradation,0.06247318969658544,0.06887055679456787,0.14065014708836523,-0.3797477004389456,0.6039843225309381,0.32795273920403933,0.8857142857142857,0.13134374649115332,1.0
aromatic_hydrocarbon_degradation,0.039504927394115014,0.05627438233842638,0.5104456961787812,-0.033776579072930135,0.9788709245115554,1.0720670773042633,0.2,0.0957793097325414,0.6777777777777778
cellulolysis,0.07994564282754839,0.09508769328957833,0.2502392231714738,-0.10833159808876919,0.6384677692134746,0.7446866109542511,0.4857142857142857,0.17503333611712674,0.823015873015873
chitinolysis,0.08125277504911432,0.12537137148411734,0.6257189487542426,0.22446284399315702,0.9301262352586913,1.736863693304242,0.05714285714285714,0.20662414653323166,0.6777777777777778
dark_hydrogen_oxidation,0.01933666247866643,0.029197329108977717,0.5944975700473712,-0.45055231060508333,1.2975748125053173,0.7335048959421573,0.8857142857142857,0.04853399158764415,1.0
dark_iron_oxidation,0.004195089228758543,0.0056170186774233185,0.421103016199435,-0.5595643911355831,2.080103838517148,0.45332536930151607,0.34285714285714286,0.009812107906181863,0.6971428571428572
dark_oxidation_of_sulfur_compounds,0.00018670649738610905,0.000669158961354205,1.8415712641871154,-0.5281887873468256,20.01617206728726,0.9071488891960234,0.3561703279493218,0.0008558654587403141,0.7008512904809235
dark_sulfide_oxidation,0.006274724472661704,0.00920960013679803,0.5535863345976199,-0.5323684072644022,1.4947384121000638,0.650043530243279,0.6857142857142857,0.015484324609459733,0.9093167701863355
dark_sulfite_oxidation,0.0011566284084080002,0.0008429534419016524,-0.45640012273759584,-1.4500368148970162,0.6329035735579456,-0.5139063341961507,0.8857142857142857,0.001999581850309653,1.0
dark_sulfur_oxidation,0.00132728446318921,0.0023524441403810874,0.825682390584451,-0.17871143815412757,2.493345750177586,0.8871011908506339,0.34285714285714286,0.003679728603570297,0.6971428571428572
dark_thiosulfate_oxidation,0.015115186098963788,0.025379514903393876,0.7476657139787429,0.07290617113474432,1.2633861231902017,1.3374932051355817,0.2,0.040494701002357664,0.6777777777777778
denitrification,0.002217617248385003,0.0017302324662849908,-0.3580443155724682,-1.7775469168766067,0.8194602330738457,-0.3905133431270231,0.34285714285714286,0.003947849714669994,0.6971428571428572
dimethylsulfoniopropionate_demethylation,0.0008736629754716879,0.00031962883277815066,-1.450676434758487,-3.131959712638814,-0.41615977695711354,-1.3727797518123512,0.05714285714285714,0.0011932918082498386,0.6777777777777778
exopolysaccharide_substances_marine_snow_production,0.017388959138042857,0.018855318632183045,0.11679994512580326,-0.3742705632306421,0.644669990239532,0.24087326064830222,0.34285714285714286,0.0362442777702259,0.6971428571428572
facultative,0.00014560279557367502,0.0010719876417873255,2.8801697508037343,-17.151688438379644,21.031857516277285,0.7302081159919003,0.4083519693259383,0.0012175904373610004,0.7784209415275699
fermentation,0.07699915102955673,0.10219972239816386,0.4084768286461754,-0.03740869654504733,0.7477645070243906,1.1018082337313297,0.2,0.1791988734277206,0.6777777777777778
fish_parasites,0.00018670649738610905,0.0008067031819527386,2.111259873600222,0.5263025242437643,19.893783963860514,1.880718385676223,0.10375367752098565,0.0009934096793388475,0.6777777777777778
fumarate_respiration,0.011258647410696505,0.019353804974546338,0.7815836601329029,-0.5100099998212853,1.5507063878053002,0.7889848954950466,0.8857142857142857,0.030612452385242843,1.0
human_pathogens_diarrhea,0.005091423431176507,0.004013416294880322,-0.3432381684492675,-1.5466175951211796,0.5856635617311274,-0.47677186075160827,0.6857142857142857,0.00910483972605683,0.9093167701863355
human_pathogens_pneumonia,0.02453048431849838,0.040399335115408434,0.719755808391675,0.022816935104980153,1.3377514153883143,1.1751730698927867,0.34285714285714286,0.06492981943390681,0.6971428571428572
hydrogen_oxidizing_bacteria_knallgas_bacteria,0.015193490288521839,0.0235150525798569,0.6301311968652803,-0.8861502271011208,1.4387332987649086,0.6453564120273332,1.0,0.03870854286837874,1.0
hydrogen_sulfide_production,0.1943599140820133,0.23361586701707732,0.26540756326377035,-0.15802909856883945,0.729384033743666,0.7438294813728292,0.34285714285714286,0.4279757810990906,0.6971428571428572
invertebrate_parasites,0.015076132195044034,0.022020606971844842,0.5465878550054227,-0.8572381944492669,1.2483426270954103,0.614026915405588,1.0,0.037096739166888874,1.0
iron_reduction,0.02506203569435337,0.028444824426172598,0.18266256519310042,-0.5463343216119968,0.8364792797431849,0.3109152400952767,0.8857142857142857,0.05350686012052597,1.0
ligninolysis,0.05248623668485129,0.08955131804043873,0.7707754963713451,0.09741327779167284,1.2755122205412661,1.3224302992071708,0.11428571428571428,0.14203755472529,0.6777777777777778
manganese_oxidation,0.026637795234385482,0.0567879462704233,1.0921100311476295,0.09156888305557256,1.7799896624907758,1.236030443069983,0.2,0.08342574150480878,0.6777777777777778
manganese_respiration,0.008417801860749152,0.01788423436232668,1.0871728092069484,-0.3385763104996373,1.8992895421900298,0.9623806443683228,0.6857142857142857,0.026302036223075833,0.9093167701863355
methanogenesis,0.004346882934856419,0.003475694965380924,-0.3226796863577977,-1.4804667574816022,0.6778098996333233,-0.42477962973407285,0.6857142857142857,0.007822577900237344,0.9093167701863355
methanol_oxidation,0.03746839669444845,0.07399601221587843,0.981773259480996,0.19246472108615628,1.6116226651609433,1.4012837991687932,0.11428571428571428,0.11146440891032688,0.6777777777777778
methanotrophy,0.016287864949976687,0.01878878338906141,0.20607413608944974,-0.5555510020792711,0.7914318527394171,0.3627742804657467,0.8857142857142857,0.0350766483390381,1.0
methanotrophy_facultative_methylotrophy,0.0003877973112719752,0.00046262897158098036,0.2545522132879192,-1.5827191586310834,19.30415585553104,0.1260328655995219,0.5384723809869921,0.0008504262828529555,0.8877517632488249
methylotrophy,0.0020080967829860692,0.0036025743258740438,0.8431990738017312,0.015159561034254851,1.8512161152840876,1.1526234030730138,0.34285714285714286,0.005610671108860113,0.6971428571428572
methylsulfonate_degradation,0.019627863384630302,0.027359263555617512,0.47912624116132485,9.489899916372044e-05,1.0127609557026498,1.144728378582683,0.34285714285714286,0.046987126940247814,0.6971428571428572
nitrate_ammonification,0.029417341392306347,0.05772649307891505,0.9725666911568113,0.10494325365297547,1.6430031164878613,1.2242578884355102,0.11428571428571428,0.0871438344712214,0.6777777777777778
nitrate_denitrification,0.04685065675673398,0.0493123244527835,0.07387898588449787,-0.4658087115662127,0.6391622967793578,0.15634764132926154,0.4857142857142857,0.09616298120951748,0.823015873015873
nitrate_reduction,0.3435004159358903,0.41730543682863996,0.28079187004438255,-0.0171511507939865,0.5730743940557788,1.1300425951390745,0.2,0.7608058527645303,0.6777777777777778
nitrate_respiration,0.07988390226682215,0.11537272247412791,0.5303254487898688,-0.04210535452575494,0.9949319398331204,1.1244275806609316,0.34285714285714286,0.19525662474095007,0.6971428571428572
nitrite_ammonification,0.006387699970171492,0.005464858326453597,-0.22511241763369907,-1.2980915696354305,0.6565158920510251,-0.2787994174577244,0.4857142857142857,0.011852558296625088,0.823015873015873
nitrite_denitrification,0.00414322004520142,0.012011984483182385,1.5356499396906123,-1.1961866759576247,2.450499805925526,0.9290055679784587,1.0,0.016155204528383805,1.0
nitrite_respiration,0.016620844497268795,0.025870362442767032,0.6383065486063163,-0.5918031828641518,1.3515885562251055,0.7091669965472375,0.8857142857142857,0.04249120694003583,1.0
nitrogen_fixation,0.026626271229226832,0.033254639764863064,0.3207052258558813,0.056548942058966586,0.5772396568750681,1.3192550226460407,0.2,0.059880910994089896,0.6777777777777778
nitrous_oxide_denitrification,0.006360837293586423,0.013742216949467376,1.1113260536167433,-0.838683488556496,1.9372824800182824,0.8575520576676646,1.0,0.020103054243053798,1.0
non_methane_hydrocarbon_production,0.016938819810736097,0.024804860476202353,0.5502894549365345,-0.581177998177479,1.3845599407068439,0.6830726768479859,0.6857142857142857,0.04174368028693845,0.9093167701863355
oil_bioremediation,0.023275505109595494,0.029414786380192556,0.33772906949279946,-0.2574327322441034,0.9142761113448942,0.6139296271303121,0.34285714285714286,0.05269029148978805,0.6971428571428572
plant_pathogen,0.06889269846254419,0.11588567400980536,0.7502792271190097,0.216170626563094,1.213993036383693,1.491601491561857,0.11428571428571428,0.18477837247234954,0.6777777777777778
plastic_degradation,0.061660002373064626,0.102288764770881,0.7302408311676635,0.11460376620958929,1.2318174978725325,1.3423670475268041,0.2,0.16394876714394563,0.6777777777777778
potassium_solubilization,0.006506107304585677,0.015873917021594956,1.2867915163779244,-1.2280734445551884,2.1732006373444115,0.8715223711688089,1.0,0.022380024326180633,1.0
psychrophilic,0.00013736263736263736,0.0003567422719179453,1.3768860738725297,-17.06764062168187,19.231812900274736,0.5533207412292172,0.6198391186854187,0.0004941049092805827,0.9093167701863355
reductive_acetogenesis,0.007355382589998673,0.005189744619396591,-0.5031367561441535,-1.6555320839391818,0.10370904282969504,-0.9179325478562127,0.2,0.012545127209395265,0.6777777777777778
sulfate_respiration,0.007154721649929983,0.00605147041114021,-0.24160986716271415,-1.3193558203817148,0.42120689717942233,-0.3918998263726349,0.6857142857142857,0.013206192061070193,0.9093167701863355
sulfite_respiration,0.011475788667187268,0.009100814231196953,-0.3345257414855584,-1.2356248043720532,0.3823354494790683,-0.52671077831709,0.4857142857142857,0.02057660289838422,0.823015873015873
sulfur_respiration,0.00620051739693857,0.00656215452502541,0.08178094889509165,-0.675358328417059,0.7566286150036927,0.13343899229194928,1.0,0.01276267192196398,1.0
thiosulfate_respiration,0.009832961810005134,0.017832721902363045,0.8588289153304863,-0.7982460772762583,1.6900311558738483,0.7485324036614563,1.0,0.02766568371236818,1.0
ureolysis,0.14175105464662446,0.2109605969944176,0.5736140865946061,0.17445420691745375,0.8884879822406148,1.6776376381551052,0.02857142857142857,0.35271165164104207,0.6777777777777778
xylanolysis,0.14676658374806834,0.15701012336597592,0.09733405203211216,-0.3263586707233913,0.5289522224282066,0.2690642431014166,0.6857142857142857,0.30377670711404425,0.9093167701863355
